{
  "Like Post" : {
    "transaction" : "Like Post",
    "sampleCount" : 453,
    "errorCount" : 445,
    "errorPct" : 98.23399,
    "meanResTime" : 9031.350993377495,
    "medianResTime" : 10.0,
    "minResTime" : 5.0,
    "maxResTime" : 61019.0,
    "pct1ResTime" : 29323.2,
    "pct2ResTime" : 36956.9,
    "pct3ResTime" : 38914.43999999999,
    "throughput" : 0.6309244924052291,
    "receivedKBytesPerSec" : 0.4926581363319192,
    "sentKBytesPerSec" : 0.30139446020788474
  },
  "Create Post" : {
    "transaction" : "Create Post",
    "sampleCount" : 1102,
    "errorCount" : 1034,
    "errorPct" : 93.8294,
    "meanResTime" : 32470.143375680567,
    "medianResTime" : 30020.0,
    "minResTime" : 7.0,
    "maxResTime" : 159063.0,
    "pct1ResTime" : 73861.9,
    "pct2ResTime" : 101997.94999999998,
    "pct3ResTime" : 130874.21000000012,
    "throughput" : 1.2937552243291726,
    "receivedKBytesPerSec" : 0.878699193765673,
    "sentKBytesPerSec" : 0.7340544778664544
  },
  "Edit Comment" : {
    "transaction" : "Edit Comment",
    "sampleCount" : 318,
    "errorCount" : 317,
    "errorPct" : 99.68553,
    "meanResTime" : 761.5723270440251,
    "medianResTime" : 7.0,
    "minResTime" : 5.0,
    "maxResTime" : 30026.0,
    "pct1ResTime" : 15.500000000000114,
    "pct2ResTime" : 128.15000000000003,
    "pct3ResTime" : 30023.43,
    "throughput" : 0.5329471980049675,
    "receivedKBytesPerSec" : 0.41541410196302214,
    "sentKBytesPerSec" : 0.2644310537271109
  },
  "Edit Post" : {
    "transaction" : "Edit Post",
    "sampleCount" : 834,
    "errorCount" : 825,
    "errorPct" : 98.92086,
    "meanResTime" : 9479.611510791365,
    "medianResTime" : 9.0,
    "minResTime" : 5.0,
    "maxResTime" : 78117.0,
    "pct1ResTime" : 37852.0,
    "pct2ResTime" : 38483.5,
    "pct3ResTime" : 53103.449999999575,
    "throughput" : 1.1653806490918694,
    "receivedKBytesPerSec" : 0.9037930742818377,
    "sentKBytesPerSec" : 0.6921794696679644
  },
  "Create Comment" : {
    "transaction" : "Create Comment",
    "sampleCount" : 320,
    "errorCount" : 311,
    "errorPct" : 97.1875,
    "meanResTime" : 1758.440625,
    "medianResTime" : 7.0,
    "minResTime" : 5.0,
    "maxResTime" : 40568.0,
    "pct1ResTime" : 87.0,
    "pct2ResTime" : 29829.54999999996,
    "pct3ResTime" : 36519.75000000001,
    "throughput" : 0.5210911648992991,
    "receivedKBytesPerSec" : 0.4473769929701545,
    "sentKBytesPerSec" : 0.28507986739858265
  },
  "Total" : {
    "transaction" : "Total",
    "sampleCount" : 6797,
    "errorCount" : 4575,
    "errorPct" : 67.309105,
    "meanResTime" : 22531.089009857318,
    "medianResTime" : 22034.0,
    "minResTime" : 4.0,
    "maxResTime" : 159063.0,
    "pct1ResTime" : 63192.399999999994,
    "pct2ResTime" : 71400.9,
    "pct3ResTime" : 99828.55999999953,
    "throughput" : 7.9631938065870616,
    "receivedKBytesPerSec" : 34.65986039990827,
    "sentKBytesPerSec" : 5.133888756191773
  },
  "Login" : {
    "transaction" : "Login",
    "sampleCount" : 1045,
    "errorCount" : 806,
    "errorPct" : 77.12919,
    "meanResTime" : 49581.83253588516,
    "medianResTime" : 45347.0,
    "minResTime" : 1583.0,
    "maxResTime" : 123590.0,
    "pct1ResTime" : 92171.8,
    "pct2ResTime" : 93536.2,
    "pct3ResTime" : 95959.98,
    "throughput" : 1.362435121361027,
    "receivedKBytesPerSec" : 17.483278594188594,
    "sentKBytesPerSec" : 1.5533374812094773
  },
  "Login-0" : {
    "transaction" : "Login-0",
    "sampleCount" : 1045,
    "errorCount" : 0,
    "errorPct" : 0.0,
    "meanResTime" : 36578.54545454552,
    "medianResTime" : 30090.0,
    "minResTime" : 765.0,
    "maxResTime" : 78510.0,
    "pct1ResTime" : 65492.2,
    "pct2ResTime" : 68698.59999999999,
    "pct3ResTime" : 73328.48,
    "throughput" : 1.3647767447266725,
    "receivedKBytesPerSec" : 0.5575270131109988,
    "sentKBytesPerSec" : 0.9611620820942597
  },
  "Login-1" : {
    "transaction" : "Login-1",
    "sampleCount" : 1045,
    "errorCount" : 206,
    "errorPct" : 19.71292,
    "meanResTime" : 13002.832535885163,
    "medianResTime" : 10627.0,
    "minResTime" : 4.0,
    "maxResTime" : 59543.0,
    "pct1ResTime" : 30042.4,
    "pct2ResTime" : 30354.999999999993,
    "pct3ResTime" : 34770.45999999999,
    "throughput" : 1.364135379666942,
    "receivedKBytesPerSec" : 16.947831938521226,
    "sentKBytesPerSec" : 0.5945655848877297
  },
  "Delete Post Tear Down" : {
    "transaction" : "Delete Post Tear Down",
    "sampleCount" : 317,
    "errorCount" : 317,
    "errorPct" : 100.0,
    "meanResTime" : 1583.7287066246054,
    "medianResTime" : 9.0,
    "minResTime" : 6.0,
    "maxResTime" : 68067.0,
    "pct1ResTime" : 110.39999999999992,
    "pct2ResTime" : 826.899999999999,
    "pct3ResTime" : 30025.0,
    "throughput" : 0.5230884993135495,
    "receivedKBytesPerSec" : 0.4083438236366697,
    "sentKBytesPerSec" : 0.305061368532349
  },
  "Show Comments of a Post" : {
    "transaction" : "Show Comments of a Post",
    "sampleCount" : 318,
    "errorCount" : 314,
    "errorPct" : 98.74214,
    "meanResTime" : 1358.610062893082,
    "medianResTime" : 7.0,
    "minResTime" : 6.0,
    "maxResTime" : 30027.0,
    "pct1ResTime" : 94.0,
    "pct2ResTime" : 2393.200000000238,
    "pct3ResTime" : 30020.62,
    "throughput" : 0.5330124084618234,
    "receivedKBytesPerSec" : 0.41112399148772477,
    "sentKBytesPerSec" : 0.24213997882197552
  }
}