{
  "Create Post" : {
    "transaction" : "Create Post",
    "sampleCount" : 328,
    "errorCount" : 239,
    "errorPct" : 72.86585,
    "meanResTime" : 29146.10365853659,
    "medianResTime" : 30016.0,
    "minResTime" : 10.0,
    "maxResTime" : 83523.0,
    "pct1ResTime" : 64675.60000000002,
    "pct2ResTime" : 68896.15000000001,
    "pct3ResTime" : 79361.93,
    "throughput" : 0.4744354507426072,
    "receivedKBytesPerSec" : 0.33012527021485566,
    "sentKBytesPerSec" : 0.2691865203920457
  },
  "Register Random User" : {
    "transaction" : "Register Random User",
    "sampleCount" : 560,
    "errorCount" : 559,
    "errorPct" : 99.82143,
    "meanResTime" : 18023.935714285704,
    "medianResTime" : 20681.5,
    "minResTime" : 409.0,
    "maxResTime" : 30953.0,
    "pct1ResTime" : 30201.9,
    "pct2ResTime" : 30240.8,
    "pct3ResTime" : 30460.399999999998,
    "throughput" : 0.8355976537611594,
    "receivedKBytesPerSec" : 0.5794233821299981,
    "sentKBytesPerSec" : 0.5524410269495165
  },
  "Delete Post" : {
    "transaction" : "Delete Post",
    "sampleCount" : 267,
    "errorCount" : 260,
    "errorPct" : 97.37828,
    "meanResTime" : 7956.303370786517,
    "medianResTime" : 11.0,
    "minResTime" : 8.0,
    "maxResTime" : 59858.0,
    "pct1ResTime" : 35109.80000000001,
    "pct2ResTime" : 40154.19999999999,
    "pct3ResTime" : 54186.2,
    "throughput" : 0.3871686228107572,
    "receivedKBytesPerSec" : 0.29542055738506023,
    "sentKBytesPerSec" : 0.22595456958667212
  },
  "Total" : {
    "transaction" : "Total",
    "sampleCount" : 2427,
    "errorCount" : 1266,
    "errorPct" : 52.163166,
    "meanResTime" : 17204.72435105069,
    "medianResTime" : 13550.0,
    "minResTime" : 5.0,
    "maxResTime" : 86967.0,
    "pct1ResTime" : 33817.40000000002,
    "pct2ResTime" : 48105.2,
    "pct3ResTime" : 67210.12,
    "throughput" : 3.499720253098846,
    "receivedKBytesPerSec" : 26.277578254328866,
    "sentKBytesPerSec" : 2.4216252984027027
  },
  "Login" : {
    "transaction" : "Login",
    "sampleCount" : 424,
    "errorCount" : 149,
    "errorPct" : 35.14151,
    "meanResTime" : 23559.42216981132,
    "medianResTime" : 29319.5,
    "minResTime" : 759.0,
    "maxResTime" : 86967.0,
    "pct1ResTime" : 48933.0,
    "pct2ResTime" : 55789.5,
    "pct3ResTime" : 63000.5,
    "throughput" : 0.6328178753139837,
    "receivedKBytesPerSec" : 12.98679793735327,
    "sentKBytesPerSec" : 0.7217699936494338
  },
  "Login-0" : {
    "transaction" : "Login-0",
    "sampleCount" : 424,
    "errorCount" : 0,
    "errorPct" : 0.0,
    "meanResTime" : 14156.478773584884,
    "medianResTime" : 9818.5,
    "minResTime" : 240.0,
    "maxResTime" : 60133.0,
    "pct1ResTime" : 30038.5,
    "pct2ResTime" : 30043.75,
    "pct3ResTime" : 41840.0,
    "throughput" : 0.6333131688810223,
    "receivedKBytesPerSec" : 0.256253664142376,
    "sentKBytesPerSec" : 0.448764087110434
  },
  "Login-1" : {
    "transaction" : "Login-1",
    "sampleCount" : 424,
    "errorCount" : 59,
    "errorPct" : 13.915094,
    "meanResTime" : 9402.511792452835,
    "medianResTime" : 2869.0,
    "minResTime" : 5.0,
    "maxResTime" : 30801.0,
    "pct1ResTime" : 30021.0,
    "pct2ResTime" : 30029.0,
    "pct3ResTime" : 30272.0,
    "throughput" : 0.6331835993500907,
    "receivedKBytesPerSec" : 12.738102152096227,
    "sentKBytesPerSec" : 0.27351485125412167
  }
}